"crypto","id","usd","usd_24h_change","usd_24h_vol","usd_market_cap","load_date","AVG(s2.score)","row_num","avg_rating"
bitcoin,4134,33520.0,-1.4629479414709379,21058003957.568985,627843419895.097,"2021-07-10 15:00:26",0.476803134411573411480000000000,1,2.71429
bitcoin,4138,33525.0,-1.6756939038969572,21041884409.30855,628581245524.0029,"2021-07-10 15:00:26",0.476803134411573411480000000000,1,2.71429
bitcoin,4142,33535.0,-1.90756131951915,20965460074.983402,628581245524.0029,"2021-07-10 15:00:26",0.476803134411573411480000000000,1,2.71429
bitcoin,4146,33637.0,-1.2121868990331777,20895532390.74399,630952467329.164,"2021-07-10 15:00:26",0.476803134411573411480000000000,1,2.71429
bitcoin,4149,33751.0,-0.6824451263655614,19671579656.694565,633364315990.2804,"2021-07-10 18:27:58",0.478613170298859648231292517007,1,3.4924
bitcoin,4153,33774.0,-0.4850714867919887,19776661928.434246,633286630421.2406,"2021-07-10 18:27:58",0.478613170298859648231292517007,1,3.4924
bitcoin,4160,33810.0,-0.3073822740951281,19765715226.50132,633286630421.2406,"2021-07-10 18:27:58",0.478613170298859648231292517007,1,3.4924
bitcoin,4161,33780.0,-0.44623023429985553,19749995933.822872,633286630421.2406,"2021-07-10 18:27:58",0.478613170298859648231292517007,1,3.4924
bitcoin,4166,33766.0,-0.4874226971581326,19744811278.838882,633243969798.2188,"2021-07-10 18:27:58",0.478613170298859648231292517007,1,3.4924
bitcoin,4170,33751.0,-0.47476801231723226,19735235911.198997,633243969798.2188,"2021-07-10 18:27:58",0.478613170298859648231292517007,1,3.4924
bitcoin,4176,33700.0,-0.5630105202101229,19715557369.430264,631908590368.2207,"2021-07-10 18:27:58",0.478613170298859648231292517007,1,3.4924
bitcoin,4180,33700.0,-0.5630105202101229,19715557369.430264,631908590368.2207,"2021-07-10 19:00:14",0.458331714131843266121495327103,1,3.74419
bitcoin,4181,33694.0,-0.2734987426663384,19374269382.19019,632136168666.8898,"2021-07-10 20:00:15",0.490948388449183093028169014085,1,3.95745
bitcoin,4187,33521.0,-1.0743153378883825,19149262813.82226,628621441156.9827,"2021-07-10 21:00:17",0.482056814958067505588235294118,1,4.44615
bitcoin,4191,33566.0,-0.4727579958491249,19152485646.135174,629471882271.9249,"2021-07-10 22:00:15",0.462297101837865423415730337079,1,4.02041
bitcoin,4193,33678.0,-0.2969081079509566,18813069169.506752,629471882271.9249,"2021-07-10 23:00:15",0.568782587034510119738562091503,1,1.71111
bitcoin,4199,33533.0,-1.0272340313116994,18559044200.000244,629120811790.5446,"2021-07-11 00:00:17",0.484037339617552748688524590164,1,2.62963
bitcoin,4202,33618.0,-0.7309822642998649,18373862816.348446,629754944714.016,"2021-07-11 01:00:15",0.520558649201712542511961722488,1,3.60194
bitcoin,4206,33618.0,-0.7309822642998649,18373862816.348446,629754944714.016,"2021-07-11 02:00:17",0.471481990123667371097560975610,1,2.80769
bitcoin,4210,33803.0,-0.1969019300245647,18402737836.093163,634888343559.2303,"2021-07-11 03:00:17",0.482872462250513607648514851485,1,3.58065
bitcoin,4216,33802.0,0.3002492253319606,18305798502.921482,632826562875.5497,"2021-07-11 04:00:16",0.474417285735790548333333333333,1,2.66667
bitcoin,4219,33830.0,-0.14989994476115168,18106223820.20439,634432334823.7484,"2021-07-11 05:00:16",0.487212934854007005371287128713,1,2.53846
bitcoin,4223,33830.0,-0.14989994476115168,18106223820.20439,634432334823.7484,"2021-07-11 06:00:15",0.459160714307755375765550239234,1,2.95
bitcoin,4227,33830.0,-0.14989994476115168,18106223820.20439,634432334823.7484,"2021-07-11 07:00:15",0.456348138707644730849514563107,1,3.4
bitcoin,4229,34067.0,0.4547730327077618,17914124579.26187,638880307376.1864,"2021-07-11 08:00:15",0.487398729995059753445190156600,1,3.31111
bitcoin,4236,33944.0,0.05408806112775079,17597089729.975945,636970374009.1525,"2021-07-11 09:00:15",0.475176820892136297266514806378,1,3.56
bitcoin,4239,34094.0,-0.02386599626082233,17657223064.454464,639386761137.3136,"2021-07-11 10:00:15",0.468556425212459131295454545455,1,3.63636
bitcoin,4242,34011.0,1.8034752624580412,17063811587.903358,637343346856.4065,"2021-07-11 11:00:15",0.466063539866063234052757793765,1,3.63158
bitcoin,4245,34055.0,1.5861440038008927,16951130904.600122,638765672362.3331,"2021-07-11 12:00:14",0.464418205127996555976470588235,1,3.48889
bitcoin,4252,33951.0,1.3366202140651855,16770234896.23402,637251106087.3529,"2021-07-11 13:00:15",0.490731018498472495837104072398,1,3.19048
bitcoin,4385,33152.0,-3.7997774839183145,21677558941.33352,621744065438.5233,"2021-07-12 16:00:15",0.499300169122165142375565610860,1,3.64789
bitcoin,4394,33197.0,-2.9654360941147733,22007832051.166847,623799178149.4335,"2021-07-12 18:00:14",0.521932848342205291552511415525,1,4.4102
bitcoin,4397,33068.0,-3.2910886161063058,21910080787.22388,620185114271.7617,"2021-07-12 18:00:14",0.521932848342205291552511415525,1,4.4102
bitcoin,4401,33068.0,-3.2910886161063058,21910080787.22388,620185114271.7617,"2021-07-12 18:00:14",0.521932848342205291552511415525,1,4.4102
bitcoin,4405,33052.0,-3.334041036478136,21918454436.046616,620185114271.7617,"2021-07-12 18:00:14",0.521932848342205291552511415525,1,4.4102
bitcoin,4410,33051.0,-3.3371858976889746,21921204124.655506,620185114271.7617,"2021-07-12 18:00:14",0.521932848342205291552511415525,1,4.4102
bitcoin,4413,33059.0,-3.31423741244261,21924516040.462612,620185114271.7617,"2021-07-12 18:00:14",0.521932848342205291552511415525,1,4.4102
bitcoin,4417,33066.0,-3.2933225691051304,21946805266.026924,620185114271.7617,"2021-07-12 18:00:14",0.521932848342205291552511415525,1,4.4102
bitcoin,4423,33245.0,-2.5991585219399096,22162166868.93402,623525370281.9619,"2021-07-12 19:00:14",0.487444425396846997619047619048,1,4.33333
bitcoin,4428,33224.0,-3.1336799324967552,22107910029.00963,623100967004.7318,"2021-07-12 20:00:16",0.505377048945373242409909909910,1,4.06173
bitcoin,4431,33207.0,-4.0315352907203765,21665960143.550114,622794221123.8198,"2021-07-12 21:00:15",0.522758642854862772054176072235,1,4.47253
bitcoin,4436,33216.0,-3.314086727575368,21225610516.244118,622955509970.6492,"2021-07-12 22:00:15",0.510898450445686302737819025522,1,4.18
bitcoin,4438,32891.0,-3.988604332746303,21198318879.516277,616870409995.8322,"2021-07-12 23:00:15",0.497682419283172258918269230769,1,4.25
bitcoin,4443,33103.0,-3.87243679783248,21446762412.58993,620848593674.5686,"2021-07-13 00:00:15",0.517791582206930903741339491917,1,4.55952
bitcoin,4447,33103.0,-3.87243679783248,21446762412.58993,620848593674.5686,"2021-07-13 01:00:15",0.486636466514773484731707317073,1,4.71429
bitcoin,4451,33103.0,-3.87243679783248,21446762412.58993,620848593674.5686,"2021-07-13 02:00:16",0.505159698693450709236276849642,1,4.07692
bitcoin,4456,33327.0,-2.5097320868124426,21381386778.9708,625061559592.8376,"2021-07-13 03:00:14",0.489975956692753065807228915663,1,3.59259
bitcoin,4460,33327.0,-2.5097320868124426,21381386778.9708,625061559592.8376,"2021-07-13 04:00:14",0.495299437429223742380952380952,1,4.39394
bitcoin,4463,33208.0,-1.3019637891270983,20827169994.59677,623315790755.6854,"2021-07-13 05:00:14",0.470635340551212605475638051044,1,4.29231
bitcoin,4467,33208.0,-1.3019637891270983,20827169994.59677,623315790755.6854,"2021-07-13 06:00:14",0.496885775891623400608899297424,1,3.14493
bitcoin,4471,32618.0,-3.002776832382765,21537291078.097797,611128769452.2625,"2021-07-13 07:00:13",0.502773593927993152248243559719,1,3.92537
bitcoin,4475,32618.0,-3.002776832382765,21537291078.097797,611128769452.2625,"2021-07-13 08:00:14",0.508207362819285618285714285714,1,3.92537
bitcoin,4479,32618.0,-3.002776832382765,21537291078.097797,611128769452.2625,"2021-07-13 09:00:15",0.553898393083570259667405764967,1,3.71053
bitcoin,4484,32862.0,-1.1576888825123242,21134186966.025032,615930664027.3328,"2021-07-13 10:00:15",0.523042906623288803879518072289,1,4.0
bitcoin,4487,32837.0,-1.022911422664826,21005013568.549473,615798144338.3293,"2021-07-13 11:00:15",0.486662332986143025154394299287,1,2.8
bitcoin,4491,32556.0,-1.6653574916523246,20735124619.076702,610598417297.3665,"2021-07-13 12:00:14",0.470417040483196183762376237624,1,3.0
bitcoin,4495,32401.0,-1.4135381551109572,20472812636.770782,607702580037.9799,"2021-07-13 13:00:14",0.486959539521905713358395989975,1,3.14286
bitcoin,4499,32401.0,-1.4135381551109572,20472812636.770782,607702580037.9799,"2021-07-13 14:00:14",0.468540788817226437869674185464,1,3.7381
bitcoin,4503,32401.0,-1.4135381551109572,20472812636.770782,607702580037.9799,"2021-07-13 15:00:15",0.466905666146301414927536231884,1,3.4
bitcoin,4507,32557.0,-1.7966093319876142,19899713573.263134,610631839227.959,"2021-07-13 16:00:14",0.472627765277093984398034398034,1,3.29787
bitcoin,4510,32712.0,-1.6510500271706985,19919069624.678066,613002045101.37,"2021-07-13 17:00:14",0.477214205496592029197994987469,1,3.35294
bitcoin,4513,32511.0,-2.0677817724283516,19618665135.061306,610615033229.5726,"2021-07-13 18:00:15",0.485210029995820339266503667482,1,3.14815
bitcoin,4517,32511.0,-2.0677817724283516,19618665135.061306,610615033229.5726,"2021-07-13 19:00:15",0.475799726067687110647482014388,1,4.33333
bitcoin,4523,32610.0,-1.763134446160209,20140065579.318718,611626558705.6246,"2021-07-13 20:00:15",0.471091631321872407578692493947,1,4.02857
bitcoin,4527,31887.0,-3.976590347978084,20226737870.17511,598248404624.2854,"2021-07-13 21:00:14",0.482331184639061666978417266187,1,3.18182
bitcoin,4531,32020.0,-3.6126093087128637,21009793967.75331,600553412319.0061,"2021-07-13 22:00:14",0.473400156969992104832214765101,1,2.72549
bitcoin,4534,31894.0,-3.031668344210132,20966457453.588734,598197649593.2688,"2021-07-13 23:00:14",0.484429553290069242331002331002,1,3.69231
bitcoin,4538,32013.0,-3.237270159254123,21165388119.248055,599643372589.2417,"2021-07-14 00:00:14",0.449943414756229945302663438257,1,3.25
bitcoin,4542,32029.0,-3.6265196011853638,21041392431.79593,601172227216.6489,"2021-07-14 01:00:14",0.493893841630779205494791666667,1,2.72152
bitcoin,4546,31856.0,-4.3554761701139615,21024845430.842896,597496496919.0043,"2021-07-14 02:00:14",0.462193219876039057244094488189,1,2.84615
bitcoin,4549,32398.0,-2.823501275287867,21977154003.735245,607653096373.2723,"2021-07-14 03:00:15",0.459017229164043047416879795396,1,2.51351
bitcoin,4556,32547.0,-1.9074857119838429,22813512557.549446,610446804767.8978,"2021-07-14 04:00:15",0.501588849904309256382428940568,1,1.69333
bitcoin,4557,32493.0,-2.1598576938295,22428833544.213642,610728437523.7756,"2021-07-14 05:00:16",0.480688864143588876759493670886,1,2.33333
bitcoin,4561,32493.0,-2.1598576938295,22428833544.213642,610728437523.7756,"2021-07-14 06:00:15",0.448693068183430252200488997555,1,3.22222
bitcoin,4565,32493.0,-2.1598576938295,22428833544.213642,610728437523.7756,"2021-07-14 07:00:15",0.446034938427321430246305418719,1,3.14634
bitcoin,4571,32924.0,0.9515434172202633,22645974034.275024,617291017982.5587,"2021-07-14 08:00:15",0.488698767507495586557788944724,1,2.44828
bitcoin,4575,32924.0,0.9515434172202633,22645974034.275024,617291017982.5587,"2021-07-14 09:00:15",0.456981182098388674081632653061,1,3.11765
bitcoin,4579,32924.0,0.9515434172202633,22645974034.275024,617291017982.5587,"2021-07-14 10:00:15",0.465472735752518050797101449275,1,2.26316
bitcoin,4583,32924.0,0.9515434172202633,22645974034.275024,617291017982.5587,"2021-07-14 11:00:15",0.500680117756464680361173814898,1,3.10526
bitcoin,4587,32924.0,0.9515434172202633,22645974034.275024,617291017982.5587,"2021-07-14 12:00:15",0.475550937877639754118993135011,1,2.92
bitcoin,4591,32956.0,1.7307983454977651,22348957804.03453,616532569045.072,"2021-07-14 13:00:14",0.468814403033600403461538461538,1,2.29032
bitcoin,4595,32956.0,1.7307983454977651,22348957804.03453,616532569045.072,"2021-07-14 14:00:15",0.467265780067738193259259259259,1,2.88889
bitcoin,4599,32956.0,1.7307983454977651,22348957804.03453,616532569045.072,"2021-07-14 15:00:15",0.475292036513904314871794871795,1,3.04878
bitcoin,4602,33094.0,1.5994414753960975,22190832701.17675,620730433088.4579,"2021-07-14 16:00:15",0.468699501871497713104265402844,1,3.0
bitcoin,4608,32879.0,0.45703401211058226,21779069066.445965,616691143979.958,"2021-07-14 17:00:15",0.465733646833841952958715596330,1,1.78873
bitcoin,4612,33099.0,1.8084979354349118,21854617168.96773,620821871453.703,"2021-07-14 18:00:15",0.512051635967181609662162162162,1,1.90909
bitcoin,4614,32893.0,1.1146183360025748,21103282196.914955,616955534952.2603,"2021-07-14 19:00:15",0.486442764716170659626168224299,1,1.64
bitcoin,4617,32776.0,0.4725874737004866,21311571738.954002,615978750664.8455,"2021-07-14 20:00:16",0.511934482817695142470308788599,1,1.42667
bitcoin,4621,32815.0,2.703967108236526,20820638839.39698,615697778798.4279,"2021-07-14 21:00:15",0.481477688036054511314553990610,1,2.42857
bitcoin,4627,32734.0,2.230837789994572,20833906000.65657,613984140707.6014,"2021-07-14 22:00:14",0.462778090927246458153153153153,1,2.875
bitcoin,4631,32663.0,2.4119505569952477,20529900261.31335,612904895818.7173,"2021-07-14 23:00:16",0.453184425358365220951219512195,1,2.07692
bitcoin,4634,32637.0,2.0416048514906247,20364085710.506577,612383428446.854,"2021-07-15 00:00:15",0.472960895347979761820276497696,1,4.04
bitcoin,4638,32637.0,2.0416048514906247,20364085710.506577,612383428446.854,"2021-07-15 01:00:15",0.478170605231646016090225563910,1,3.5
bitcoin,4643,32510.0,2.0522948179450475,20104496099.030655,609328361966.4788,"2021-07-15 02:00:16",0.499289960496955449903381642512,1,2.64384
bitcoin,4647,32510.0,2.0522948179450475,20104496099.030655,609328361966.4788,"2021-07-15 03:00:15",0.456405866873149137391304347826,1,3.25
bitcoin,4651,32510.0,2.0522948179450475,20104496099.030655,609328361966.4788,"2021-07-15 04:00:15",0.487560301733245665299760191847,1,2.92593
bitcoin,4655,32052.0,-1.356025142381802,19760452541.081234,601474661586.2064,"2021-07-15 05:00:14",0.458019032185288204248210023866,1,3.63415
bitcoin,4659,31900.0,-1.6300525772702203,20106219559.31559,598097709702.8201,"2021-07-15 06:00:15",0.462162502683126010985576923077,1,3.32558
bitcoin,4663,31900.0,-1.6300525772702203,20106219559.31559,598097709702.8201,"2021-07-15 07:00:17",0.464099242316529780559284116331,1,3.6087
bitcoin,4666,31952.0,-2.9527048788522188,20151343131.808525,599249437856.8539,"2021-07-15 08:00:15",0.470121685575925557081339712919,1,2.61538
bitcoin,4670,31952.0,-2.9527048788522188,20151343131.808525,599249437856.8539,"2021-07-15 09:00:15",0.481870752498713886703601108033,1,3.375
bitcoin,4675,31728.0,-3.6731013334633666,20265117565.71159,595123959360.419,"2021-07-15 10:00:14",0.486726712417311781439024390244,1,4.21951
bitcoin,4678,31373.0,-4.830311030249188,20883201833.18275,588077713608.5365,"2021-07-15 11:00:14",0.493096222981737163866995073892,1,4.11111
bitcoin,4684,31578.0,-3.760675679516011,21052981866.439995,592333437187.5142,"2021-07-15 12:00:14",0.478271012049898239847328244275,1,3.11111
bitcoin,4687,31677.0,-3.8587057006710874,21148601037.652863,594167417971.257,"2021-07-15 13:00:15",0.473052028621652443177339901478,1,3.14634
bitcoin,4689,31837.0,-3.280878487123694,21435744439.535744,596821603694.2527,"2021-07-15 14:00:14",0.435229931988626578450704225352,1,4.0
bitcoin,4695,31896.0,-3.262135904311838,21574872480.791832,597106146538.0913,"2021-07-15 15:00:14",0.456626633754233466879606879607,1,2.77778
bitcoin,4699,31896.0,-3.262135904311838,21574872480.791832,597106146538.0913,"2021-07-15 16:00:14",0.456694301400406685931372549020,1,2.69697
bitcoin,4703,31726.0,-3.5605866252330434,21557729227.284348,595342431373.8641,"2021-07-15 17:00:15",0.469769024570878040717703349282,1,2.55556
bitcoin,4707,31726.0,-3.5605866252330434,21557729227.284348,595342431373.8641,"2021-07-15 18:00:15",0.460958724539904367023809523810,1,2.7561
bitcoin,4709,31947.0,-2.891032942863004,22426420332.295067,599042897799.35,"2021-07-15 19:00:16",0.468343462666560860738916256158,1,2.86667
bitcoin,4716,32035.0,-2.261330214083375,23178661992.396477,600195607973.4034,"2021-07-15 20:00:15",0.460894823977441493916083916084,1,3.66667
bitcoin,4720,32035.0,-2.261330214083375,23178661992.396477,600195607973.4034,"2021-07-15 21:00:15",0.474490813488592633854875283447,1,4.13725
bitcoin,4724,32022.0,-2.209041526971015,23587377433.88287,600655705788.3124,"2021-07-15 22:00:15",0.449875123621452420642857142857,1,4.09677
bitcoin,4728,31871.0,-2.4325337339909168,23778754667.08347,597821286822.8036,"2021-07-15 23:00:15",0.438138555717177505048780487805,1,4.2
bitcoin,4732,31673.0,-2.953285721296277,23791981482.60265,593803820762.958,"2021-07-16 00:00:15",0.438479578458681337170731707317,1,3.28571
bitcoin,4736,31673.0,-2.953285721296277,23791981482.60265,593803820762.958,"2021-07-16 01:00:14",0.468355120318691904121951219512,1,2.84615
bitcoin,4739,31462.0,-3.1114405395688935,24101077807.685467,590753293105.9893,"2021-07-16 02:00:15",0.415201981241504350370370370370,1,2.94286
bitcoin,4744,31460.0,-3.539838503653646,24195400654.942318,590125288593.8986,"2021-07-16 03:00:15",0.441601856123833426119047619048,1,2.56098
bitcoin,4748,31375.0,-1.6085768411371504,23899526897.12649,588208075659.663,"2021-07-16 04:00:15",0.429457956444786255638554216867,1,3.21429
bitcoin,4752,31375.0,-1.6085768411371504,23899526897.12649,588208075659.663,"2021-07-16 05:00:15",0.548684137948981028167053364269,1,4.3871
bitcoin,4756,31597.0,-0.7282655451113708,24095127088.565678,592690263668.3048,"2021-07-16 06:00:14",0.439252077421145656194029850746,1,3.4
bitcoin,4757,31851.0,-0.4209234710983045,24334084651.30845,597792820303.4385,"2021-07-16 07:00:14",0.480864721895107684740566037736,1,3.8
bitcoin,4763,31920.0,0.012956939547508614,24253866445.55979,598464389959.9498,"2021-07-16 08:00:14",0.470095495566484836397228637413,1,2.96491
bitcoin,4768,32197.0,1.1761283089956596,24852205061.60089,603898487185.5553,"2021-07-16 09:00:14",0.566673732364656537420718816068,1,2.77778
bitcoin,4772,32044.0,1.0394796589398902,24852947788.65815,601921219193.3947,"2021-07-16 10:00:14",0.489126186748252849556074766355,1,3.52174
bitcoin,4776,32044.0,1.0394796589398902,24852947788.65815,601921219193.3947,"2021-07-16 11:00:14",0.490172089292452883403263403263,1,3.85714
bitcoin,4780,31980.0,1.2703869170060649,22935294259.575317,599879636629.568,"2021-07-16 12:00:15",0.489127378945595748574766355140,1,3.86207
bitcoin,4783,31896.0,0.5699834470293985,22623893622.705837,598313877178.1797,"2021-07-16 13:00:15",0.476084934758409012547169811321,1,3.69767
bitcoin,4787,31896.0,0.5699834470293985,22623893622.705837,598313877178.1797,"2021-07-16 14:00:15",0.474547761479062897057416267943,1,3.81081
bitcoin,4791,31809.0,-0.24942865939240896,22738497430.816193,597000233217.5238,"2021-07-16 15:00:13",0.478621505776753173454106280193,1,3.37838
bitcoin,4795,31809.0,-0.24942865939240896,22738497430.816193,597000233217.5238,"2021-07-16 16:00:14",0.498156586296621880048426150121,1,2.93333
bitcoin,4799,31809.0,-0.24942865939240896,22738497430.816193,597000233217.5238,"2021-07-16 17:00:14",0.486399425189179110746987951807,1,3.45833
bitcoin,4803,31600.0,-0.1320263484161525,22805921711.77554,590062205168.2311,"2021-07-16 18:00:15",0.475471156055019014261904761905,1,3.10526
bitcoin,4806,31340.0,-1.7748316842873284,22289212967.297585,587875653560.2977,"2021-07-16 19:00:15",0.497310336866824744916067146283,1,2.85714
bitcoin,4809,31376.0,-2.056977332399935,21839183070.850067,589759433793.0076,"2021-07-16 20:00:15",0.486575915849824465610328638498,1,3.92308
bitcoin,4814,31361.0,-2.0456912606516378,21596151098.415543,588296565877.4742,"2021-07-16 21:00:15",0.470377481277124867176165803109,1,3.51852
bitcoin,4820,31456.0,-1.7702271014966848,21462261162.201344,590063432050.096,"2021-07-16 22:00:15",0.473630633964700603834951456311,1,3.5
bitcoin,4823,31501.0,-1.154060142715573,21325259931.700363,590063432050.096,"2021-07-16 23:00:15",0.463785296065385260239234449761,1,3.2
bitcoin,4828,31603.0,-0.22036623249500112,21253652434.25935,591814752912.5853,"2021-07-17 00:00:14",0.510415912403162645036674816626,1,2.33333
bitcoin,4832,31603.0,-0.22036623249500112,21253652434.25935,591814752912.5853,"2021-07-17 01:00:14",0.486081905089891870928381962865,1,4.1
bitcoin,4836,31998.0,1.7033244763522575,21145266434.312454,595005737722.0886,"2021-07-17 02:00:15",0.478248980530986076641975308642,1,4.23529
bitcoin,4837,31673.0,0.6759012051876453,21583564979.361862,594145055249.6362,"2021-07-17 03:00:15",0.491939283037548742614213197970,1,3.66667
bitcoin,4841,31428.0,0.16503984564074806,21312759645.755226,589488327226.698,"2021-07-17 04:00:15",0.439874217533540609657701711491,1,3.5
bitcoin,4848,31509.0,1.0736674651465083,21431641481.635513,590915392036.704,"2021-07-17 05:00:15",0.505145669411244004019138755981,1,2.22034
bitcoin,4849,31561.0,-0.11427656729691364,20794268716.57018,592456993696.6115,"2021-07-17 06:00:15",0.477924061428746794309133489461,1,2.86047
bitcoin,4855,31778.0,-0.22691816254265937,20604769170.2569,593100655372.7151,"2021-07-17 07:00:15",0.467034122008993950723514211886,1,3.35294
bitcoin,4857,31759.0,-0.5035853669171584,20142257004.05733,595767563757.5768,"2021-07-17 08:00:15",0.471122740419826123787878787879,1,3.52632
bitcoin,4862,31833.0,-1.129926476944294,19997438156.683147,596961136011.1539,"2021-07-17 09:00:14",0.478429621285966690734908136483,1,3.59459
bitcoin,4866,31739.0,-0.9520221685423735,19546231134.80097,596758474962.0631,"2021-07-17 10:00:15",0.531341888610785614644549763033,1,4.0
bitcoin,4871,31784.0,-0.8585915780005957,18899606664.473946,595620100507.3673,"2021-07-17 11:00:15",0.495416799726073675674300254453,1,4.04
bitcoin,4873,31788.0,-0.6015126586055152,18799530146.682823,597549227530.1862,"2021-07-17 12:00:14",0.481347650521761413558441558442,1,3.2
bitcoin,4880,31924.0,0.08726798963734234,18880668914.305225,599486623482.3019,"2021-07-17 13:00:14",0.461277885367553732411924119241,1,3.61224
bitcoin,4883,31819.0,-0.19291954737479736,18429755793.436474,598885934132.2643,"2021-07-17 14:00:14",0.486897128519459899753694581281,1,2.46939
bitcoin,4887,31788.0,0.007678835647292814,18552479386.560406,597660297880.0455,"2021-07-17 15:00:14",0.459284257246438125162907268170,1,2.83784
bitcoin,4891,31788.0,0.007678835647292814,18552479386.560406,597660297880.0455,"2021-07-17 16:00:14",0.455672713803416268582887700535,1,3.94118
bitcoin,4895,31788.0,0.007678835647292814,18552479386.560406,597660297880.0455,"2021-07-17 17:00:14",0.492854584055610851772151898734,1,3.78788
bitcoin,4898,31986.0,1.017294972219911,18156598360.767746,600034477634.572,"2021-07-17 18:00:14",0.467978614156396643883495145631,1,3.13953
bitcoin,4902,32182.0,2.6840116787263044,19057551843.04286,607213149166.9395,"2021-07-17 19:00:28",0.478445175455239331081794195251,1,3.7
bitcoin,4908,32240.0,2.7525144145407623,18479125808.555546,605032923031.9409,"2021-07-17 20:00:15",0.473794114337003142892768079800,1,3.69231
bitcoin,4911,32198.0,2.6668853546959186,18879501194.059677,604025793930.3354,"2021-07-17 21:00:15",0.487193595101911416851385390428,1,3.54545
bitcoin,4913,32129.0,2.14049879866462,18711506110.403084,602722038255.3494,"2021-07-17 22:00:15",0.473521539397787249425837320574,1,4.04
bitcoin,4919,32137.0,2.025214100448988,18652335407.554836,602979968799.4083,"2021-07-17 23:00:14",0.537451476282418062369668246445,1,4.71875
bitcoin,4924,31957.0,1.1093314713890385,18533701722.382362,599361874102.1149,"2021-07-18 00:00:15",0.539933322633014010800000000000,1,4.57522
bitcoin,4928,31957.0,1.1093314713890385,18533701722.382362,599361874102.1149,"2021-07-18 01:00:14",0.479628894469062584261501210654,1,4.34328
bitcoin,4930,31793.0,-0.5647454891937459,18215600915.383846,596391468703.7451,"2021-07-18 02:00:15",0.487833476732843202451923076923,1,4.52941
bitcoin,4934,31852.0,0.564420639074666,17768808208.235153,597525988644.0504,"2021-07-18 03:00:14",0.492638899126924732325056433409,1,4.1
bitcoin,4940,31764.0,1.058902599513842,17813482488.812782,595469450189.8931,"2021-07-18 04:00:15",0.481655978202524021240694789082,1,3.75862
bitcoin,4944,31764.0,1.058902599513842,17813482488.812782,595469450189.8931,"2021-07-18 05:00:15",0.491001872676555248901869158879,1,4.42857
bitcoin,4948,31764.0,1.058902599513842,17813482488.812782,595469450189.8931,"2021-07-18 06:00:15",0.471637527563889041354679802956,1,3.69565
bitcoin,4952,31764.0,1.058902599513842,17813482488.812782,595469450189.8931,"2021-07-18 07:00:15",0.484586327924178200538461538462,1,3.49057
bitcoin,4955,31259.0,-1.544943660341402,17157451226.313026,588584574976.9802,"2021-07-18 08:00:14",0.522435095723661337702407002188,1,4.88571
bitcoin,4960,31469.0,-1.1427153757027457,17533443887.93813,590754590766.6162,"2021-07-18 09:00:15",0.507217551496895874272727272727,1,4.6
bitcoin,4964,31612.0,-0.41742261945628784,17191704351.220566,593044599679.5504,"2021-07-18 10:00:15",0.507832061651065875542986425339,1,4.36
bitcoin,4968,31612.0,-0.41742261945628784,17191704351.220566,593044599679.5504,"2021-07-18 11:00:16",0.524326636885794305360576923077,1,3.46154
bitcoin,4972,31612.0,-0.41742261945628784,17191704351.220566,593044599679.5504,"2021-07-18 12:00:14",0.494752247902480035095693779904,1,2.61702
bitcoin,4976,31716.0,-0.6508702249883948,17081879437.515831,595648497162.5122,"2021-07-18 13:00:14",0.494289211319902766826923076923,1,3.0
bitcoin,4977,31775.0,-0.13670499365089225,17118671227.499115,595008208910.8789,"2021-07-18 14:00:14",0.474358360640577114547677261614,1,2.95918
bitcoin,4983,31837.0,0.1537140424343304,17317545847.96256,595938934305.421,"2021-07-18 15:00:14",0.489755455340448703071253071253,1,2.74359
bitcoin,4987,31837.0,0.1537140424343304,17317545847.96256,595938934305.421,"2021-07-18 16:00:15",0.500891843118837899738095238095,1,2.88679
bitcoin,4992,31919.0,0.9906657154505236,17742105807.895496,597872278369.1111,"2021-07-18 17:00:14",0.501290260358471286181384248210,1,2.51724
bitcoin,4996,31629.0,-1.1169152294430615,17258367728.390842,598721930346.2585,"2021-07-18 18:00:14",0.492479619029518606200466200466,1,2.78723
bitcoin,4997,31603.0,-1.7979606612361043,16343402589.137867,592265421889.1763,"2021-07-18 19:00:14",0.491815217345663641407766990291,1,3.35556
bitcoin,5001,31643.0,-1.9135180187970156,16399170078.661413,593303022628.7285,"2021-07-18 20:00:15",0.525572278708085885201793721973,1,2.31868
bitcoin,5005,31648.0,-1.7097754409326598,16737631674.373537,593839528789.6538,"2021-07-18 21:00:15",0.511052328695371311383495145631,1,2.46269
bitcoin,5009,31819.0,-0.916112259989756,16863873114.047338,596935429973.7057,"2021-07-18 22:00:15",0.497077688540456479539170506912,1,2.44444
bitcoin,5013,31931.0,-0.6406463923221327,17016333059.428368,599047882079.6536,"2021-07-18 23:00:15",0.474750700592994687905882352941,1,2.95556
bitcoin,5017,31931.0,-0.6406463923221327,17016333059.428368,599047882079.6536,"2021-07-19 00:00:15",0.483461878538981185938242280285,1,2.76
bitcoin,5023,31681.0,-0.34907697005996813,16921617950.494257,594573752870.6957,"2021-07-19 01:00:15",0.476002739432727727369727047146,1,2.89474
bitcoin,5027,31578.0,-0.6639832927117205,16826908616.90452,593205880596.543,"2021-07-19 02:00:15",0.494990656612651728937644341801,1,3.18182
bitcoin,5030,31418.0,-1.1033936235157686,17086467271.8923,589427469795.5646,"2021-07-19 03:00:14",0.484890148149564932345971563981,1,3.63333
bitcoin,5034,31418.0,-1.1033936235157686,17086467271.8923,589427469795.5646,"2021-07-19 04:00:15",0.488443871178934649429280397022,1,3.47619
bitcoin,5039,31328.0,-1.6813485987031893,17557643304.443264,587741106049.6084,"2021-07-19 05:00:15",0.495937714542167772270531400966,1,3.27692
bitcoin,5044,30778.0,-3.2931901776948207,18446845600.50255,576065356375.2646,"2021-07-19 06:00:15",0.474472403900707190879396984925,1,2.83333
bitcoin,5048,30693.0,-3.1311496028405306,19494223505.053894,576580519860.3306,"2021-07-19 07:00:15",0.465266192406066963161592505855,1,3.4
bitcoin,5051,30866.0,-1.2685633695179763,20021459097.556747,579064487743.2632,"2021-07-19 08:00:15",0.470285881498448093793103448276,1,2.72727
bitcoin,5055,30837.0,-2.0083770590022567,20214281219.701355,578533951333.0215,"2021-07-19 09:00:15",0.483828238527709185894495412844,1,2.64103
bitcoin,5059,30778.0,-2.6378016018603296,20196369924.149857,577429144877.3251,"2021-07-19 10:00:15",0.467767642417424159413145539906,1,3.06452
bitcoin,5063,30778.0,-2.6378016018603296,20196369924.149857,577429144877.3251,"2021-07-19 11:00:15",0.488508743778714592547169811321,1,3.88889
bitcoin,5068,30713.0,-3.11160593908999,20154746011.899544,577655712857.7047,"2021-07-19 12:00:14",0.458421780223337312239583333333,1,3.32258
bitcoin,5071,30795.0,-2.9054123460876036,20298127196.098,577636333375.7633,"2021-07-19 13:00:17",0.471501176985346263995327102804,1,2.65517
bitcoin,5074,30877.0,-2.6910278227597106,20462863202.710316,579291960850.4323,"2021-07-19 14:00:14",0.468577425351625754126582278481,1,2.94286
bitcoin,5080,30831.0,-3.1581106538112262,20388501577.184963,578432768554.4955,"2021-07-19 15:00:15",0.470703590539300472015113350126,1,2.88889
bitcoin,5082,30966.0,-2.052346000832307,20253057796.485146,581686314791.5349,"2021-07-19 16:00:15",0.476997945067946347274939172749,1,3.04444
bitcoin,5088,30928.0,-3.0466591885068257,20095540828.295692,582262601988.4569,"2021-07-19 17:00:14",0.456161633692245572974238875878,1,2.77778
bitcoin,5092,30898.0,-2.3067003465829945,20187678707.798477,581195789324.4718,"2021-07-19 18:00:14",0.493552972453995320992555831266,1,3.19608
bitcoin,5096,30722.0,-3.0334877735878627,20421487949.81655,576678423056.8567,"2021-07-19 19:00:14",0.485001865144513081618357487923,1,3.48
bitcoin,5098,30322.0,-4.172174136766895,20682131049.038246,569148900986.2236,"2021-07-19 20:00:15",0.517969546684743109904988123515,1,1.93976
bitcoin,5102,30322.0,-4.172174136766895,20682131049.038246,569148900986.2236,"2021-07-19 21:00:14",0.510646941755103600880195599022,1,1.82051
bitcoin,5172,29931.0,-3.078700962576885,22910671323.264732,561579133779.5697,"2021-07-20 14:00:18",0.453685024003439314430379746835,1,
bitcoin,5174,29835.0,-3.231416738079612,22883434639.051777,558250623387.7686,"2021-07-20 15:00:23",0.472800863573804572705314009662,1,
bitcoin,5180,29725.0,-4.088970866761681,22692241222.879093,557857032662.9181,"2021-07-20 15:00:23",0.472800863573804572705314009662,1,
bitcoin,5184,29725.0,-4.088970866761681,22692241222.879093,557857032662.9181,"2021-07-20 15:00:23",0.472800863573804572705314009662,1,
bitcoin,5188,29707.0,-4.147576588356443,22687359212.35298,557857032662.9181,"2021-07-20 15:00:23",0.472800863573804572705314009662,1,
bitcoin,5202,29679.0,-4.395083629129022,22714528747.54411,561725481330.7388,"2021-07-20 17:00:15",0.473104455469581494718826405868,1,3.0
bitcoin,5208,29659.0,-3.8688247887662444,22755784590.566216,556309400424.875,"2021-07-20 18:00:15",0.469878392415820252542372881356,1,2.35849
bitcoin,5212,29748.0,-3.170602044360575,22058634095.5081,558133010370.3242,"2021-07-20 19:00:15",0.472439288523999489809069212411,1,3.4186
bitcoin,5216,29930.0,-1.0873142093879444,21949374355.843925,561550712769.732,"2021-07-20 20:00:14",0.489394796533774853067331670823,1,2.81538
bitcoin,5219,29939.0,0.8249937203894957,20172198402.428886,561714264102.6167,"2021-07-20 21:00:14",0.478950615770676556164705882353,1,3.48889
bitcoin,5223,30811.0,3.4863395672555884,21280300525.508633,578977363443.3285,"2021-07-20 22:00:14",0.466154175536068164637681159420,1,3.46154
bitcoin,5226,30788.0,3.431428415766497,21888671928.831135,577970193928.6737,"2021-07-20 23:00:15",0.453930327854167794336492890995,1,3.19355
bitcoin,5232,30932.0,3.8303900444904877,22186618215.683365,579476876092.215,"2021-07-21 00:00:15",0.473308736119377483101123595506,1,3.3
bitcoin,5236,30805.0,3.093404228526251,21841523318.28283,579033926006.0448,"2021-07-21 01:00:14",0.493378112066623778488372093023,1,3.42623
bitcoin,5239,30838.0,3.679353299536355,21902559280.510853,579964357657.9459,"2021-07-21 02:00:15",0.500605148046127876632124352332,1,3.74074
bitcoin,5243,30838.0,3.679353299536355,21902559280.510853,579964357657.9459,"2021-07-21 03:00:13",0.471540388376186268808933002481,1,2.45455
bitcoin,5245,31471.0,5.751049688610974,22803927532.712807,590467468153.2346,"2021-07-21 04:00:16",0.458373349674691642107728337237,1,2.84615
bitcoin,5249,31471.0,5.751049688610974,22803927532.712807,590467468153.2346,"2021-07-21 05:00:15",0.454659747220923969532710280374,1,3.1
bitcoin,5256,31532.0,5.630258443067113,23247366034.02155,591577468018.2612,"2021-07-21 06:00:15",0.472566459768197753022727272727,1,2.62162
bitcoin,5260,31583.0,6.604977474371874,23089043543.856888,593050714231.6326,"2021-07-21 07:00:15",0.437813704346094855134474327628,1,3.85714
bitcoin,5264,31896.0,7.054092023959161,23212034695.173607,596460564004.4229,"2021-07-21 08:00:15",0.440390941486231638256658595642,1,3.16667
bitcoin,5266,31989.0,6.893996299796018,23299127253.17437,600196949480.9733,"2021-07-21 09:00:15",0.476402003914463548654292343387,1,3.46154
bitcoin,5270,32277.0,8.306484906446828,24237758577.7299,605599160554.2621,"2021-07-21 10:00:15",0.477198487337035777115839243499,1,3.42857
bitcoin,5273,32230.0,8.349232844696848,24881297610.85564,604113224330.439,"2021-07-21 11:00:15",0.471194905300199251209876543210,1,2.78723
bitcoin,5277,32230.0,8.349232844696848,24881297610.85564,604113224330.439,"2021-07-21 12:00:13",0.427693108659844066372093023256,1,2.28
bitcoin,5281,32230.0,8.349232844696848,24881297610.85564,604113224330.439,"2021-07-21 13:00:15",0.437096963251443730927318295739,1,3.0
bitcoin,5285,31840.0,6.370787141268212,28336712457.3511,595944886092.1292,"2021-07-21 14:00:15",0.446545318234711881899038461538,1,3.18182
bitcoin,5290,31934.0,7.057577753703921,28422428838.33482,599918320450.9646,"2021-07-21 15:00:17",0.435767294484026290541176470588,1,2.6
bitcoin,5301,32601.0,9.582054687921172,29570064779.511745,605215619458.6034,"2021-07-21 17:00:14",0.453138974771652047488584474886,1,3.47059
bitcoin,5306,32197.0,8.556072440153773,29320650560.887054,605561567162.4403,"2021-07-21 18:00:54",0.460131651352322288798185941043,1,3.36735
bitcoin,5310,32197.0,8.556072440153773,29320650560.887054,605561567162.4403,"2021-07-21 19:00:15",0.439337771948216098278301886792,1,4.36
bitcoin,5314,32197.0,8.556072440153773,29320650560.887054,605561567162.4403,"2021-07-21 20:00:15",0.468934129511608797011764705882,1,3.0
bitcoin,5320,32011.0,6.916601369553593,28925505558.808952,600626113402.7506,"2021-07-21 21:00:15",0.464917853845460380837104072398,1,4.28814
bitcoin,5322,32116.0,4.2365024370542335,27822835717.1318,602595974767.6907,"2021-07-21 22:00:15",0.460267229236307595476190476190,1,4.55556
bitcoin,5325,31960.0,3.8176666196604545,27032469485.268074,599670875361.7582,"2021-07-21 23:00:15",0.449300343768378888594847775176,1,3.06897
bitcoin,5332,32083.0,3.6338059146746717,26965280489.11427,602100422759.4484,"2021-07-22 00:00:15",0.441567441548899128196721311475,1,3.16216
bitcoin,5333,32170.0,4.36406597754394,27029462037.460514,603607783349.0371,"2021-07-22 01:00:15",0.434714431586138122583518930958,1,3.42105
bitcoin,5340,32175.0,4.097169718607623,27074006430.841965,605009733770.9879,"2021-07-22 02:00:15",0.431002309612397637299107142857,1,4.2
bitcoin,5344,31927.0,2.1630789368854337,26701200863.994728,599048397954.5378,"2021-07-22 03:00:14",0.441243407254130953972286374134,1,4.15254
bitcoin,5348,31927.0,2.1630789368854337,26701200863.994728,599048397954.5378,"2021-07-22 04:00:14",0.450217334825865353897911832947,1,4.22222
bitcoin,5351,31991.0,1.231752004731047,25695048905.244267,600479421081.5455,"2021-07-22 05:00:15",0.446190718088489860467706013363,1,4.33333
bitcoin,5355,32281.0,2.369797639018963,25886843758.601654,605699022584.3662,"2021-07-22 06:00:15",0.451206965635462502658536585366,1,4.125
bitcoin,5359,32124.0,1.7113425110027725,25464156810.418533,602766219036.0411,"2021-07-22 07:00:16",0.464120626657508138906976744186,1,3.72727
bitcoin,5363,32124.0,1.7113425110027725,25464156810.418533,602766219036.0411,"2021-07-22 08:00:17",0.445827596115343497249417249417,1,3.84211
bitcoin,5367,32124.0,1.7113425110027725,25464156810.418533,602766219036.0411,"2021-07-22 09:00:14",0.471482262921494403468468468468,1,3.62857
bitcoin,5371,32427.0,0.4915359087207376,24532446125.48636,607229394599.4818,"2021-07-22 10:00:15",0.475324799801523336914153132251,1,3.6
bitcoin,5374,32447.0,0.6525124102349,23815015918.55843,608524747414.5116,"2021-07-22 11:00:16",0.459023308790760273012345679012,1,4.10204
bitcoin,5380,32336.0,0.7800154237670881,21892184274.582363,605879647456.2662,"2021-07-22 12:00:15",0.483590248445013784834905660377,1,3.36842
bitcoin,5383,32378.0,2.6458844664046386,20719946762.44651,608127728551.8644,"2021-07-22 13:00:14",0.478932966113365193801843317972,1,2.92
bitcoin,5388,32341.0,1.3143306008980842,20127820559.057056,606928795590.7445,"2021-07-22 14:00:14",0.452121023471667389065420560748,1,3.27778
bitcoin,5390,32270.0,1.1259817815465427,19911061090.386276,605499012058.7653,"2021-07-22 15:00:14",0.449779666148090815236966824645,1,3.21622
bitcoin,5394,32270.0,1.1259817815465427,19911061090.386276,605499012058.7653,"2021-07-22 16:00:14",0.462401621540387472962962962963,1,3.375
bitcoin,5398,32396.0,0.2562221308551587,19707247896.45621,607621607805.3499,"2021-07-22 17:00:14",0.469436873092455566135265700483,1,3.28571
bitcoin,5402,32408.0,0.9749938259371932,19297214185.498264,607686924749.0408,"2021-07-22 18:00:15",0.473122651867678599458128078818,1,3.36364
bitcoin,5405,32856.0,2.4485322840467427,19851023180.560997,616511337876.6274,"2021-07-22 19:00:15",0.457887505127854424324942791762,1,3.75
bitcoin,5409,32648.0,2.2799818756087586,20062182585.39453,612611197984.3068,"2021-07-22 20:00:15",0.477251513712648034106280193237,1,3.52174
bitcoin,5416,32613.0,1.8795421050548482,20225854296.273006,611946116204.9484,"2021-07-22 21:00:14",0.459494688969919049609195402299,1,3.08696
bitcoin,5419,32696.0,1.8068216333624172,20253659058.806885,614087249398.9893,"2021-07-22 22:00:15",0.458357307001514989865771812081,1,3.57143
bitcoin,5422,32709.0,2.3441196276950267,20548049217.03005,613756727512.8177,"2021-07-22 23:00:15",0.480177682402322618273381294964,1,2.90909
bitcoin,5426,32709.0,2.3441196276950267,20548049217.03005,613756727512.8177,"2021-07-23 00:00:15",0.417425843007932199112149532710,1,4.0
bitcoin,5429,32508.0,1.0829703549115997,20476177076.147243,609989840625.8424,"2021-07-23 01:00:15",0.440079897216388156333333333333,1,3.48649
bitcoin,5433,32508.0,1.0829703549115997,20476177076.147243,609989840625.8424,"2021-07-23 02:00:15",0.456731516902369482037037037037,1,4.04348
bitcoin,5437,32508.0,1.0829703549115997,20476177076.147243,609989840625.8424,"2021-07-23 03:00:15",0.449108566919104942374100719424,1,4.11111
bitcoin,5442,32383.0,1.2076587666943221,20498894200.07819,607635399347.4366,"2021-07-23 04:00:15",0.461061921082523070277136258661,1,2.51724
bitcoin,5447,32387.0,1.2374345412167054,20446361960.2345,607716482797.8813,"2021-07-23 05:00:15",0.460348282134133661937799043062,1,3.61818
bitcoin,5450,32390.0,0.33837500115124636,19897171310.145615,607775250833.2859,"2021-07-23 06:00:15",0.459579507985183491722488038278,1,3.0
bitcoin,5457,32311.0,-0.2055654044456656,19721955338.047024,605961180103.3025,"2021-07-23 13:00:15",0.461632921573627425180722891566,1,3.66667
bitcoin,5461,32311.0,-0.2055654044456656,19721955338.047024,605961180103.3025,"2021-07-23 14:00:14",0.463764794778712708088578088578,1,3.59459
bitcoin,5465,32675.0,1.2557408457909176,20639331378.170353,613132113829.2823,"2021-07-23 15:00:15",0.460395416210371034467592592593,1,2.40541
bitcoin,5471,33368.0,3.538241859178771,21926041397.525253,626135792353.4183,"2021-07-23 16:00:14",0.450927914174761784402035623410,1,3.42424
bitcoin,5475,33500.0,3.4410095991167093,23043082293.22026,628625764480.4508,"2021-07-23 17:00:15",0.452544575726444072070707070707,1,2.66667
bitcoin,5478,33651.0,3.801992365865561,23983916458.552597,632076586387.141,"2021-07-23 18:00:15",0.487373227698301308416075650118,1,2.72414
bitcoin,5483,33650.0,2.4080016028786444,24041630368.485325,631433241506.686,"2021-07-23 19:00:15",0.485297225942870353113207547170,1,3.08
bitcoin,5488,33703.0,3.1745919800569435,23927625928.537937,631828459968.5286,"2021-07-23 20:00:15",0.460113388390463091401869158879,1,3.5
bitcoin,5490,33672.0,3.2491855711527706,24050339404.364483,630994950987.3385,"2021-07-23 21:00:15",0.437840369045734407533333333333,1,3.48276
bitcoin,5494,33672.0,3.2491855711527706,24050339404.364483,630994950987.3385,"2021-07-23 22:01:03",0.462258235672340306264236902050,1,3.43902
bitcoin,5498,33672.0,3.2491855711527706,24050339404.364483,630994950987.3385,"2021-07-23 23:00:45",0.511839024826537730302325581395,1,3.22222
bitcoin,5503,33951.0,4.090697606557666,24416879411.517063,636199217133.6195,"2021-07-24 00:00:23",0.477397849607580111933962264151,1,2.94118
bitcoin,5505,33848.0,4.120563913819438,24269807926.436626,635155934182.0697,"2021-07-24 01:00:23",0.473262648690830576013986013986,1,2.94286
bitcoin,5510,33653.0,3.660263674602069,23986507181.368313,631368225770.973,"2021-07-24 02:00:23",0.480169651960196938802992518703,1,3.32258
bitcoin,5516,33860.0,4.488338737456772,24031946632.156216,635380702856.4109,"2021-07-24 03:00:22",0.461805876550904240120481927711,1,3.58065
bitcoin,5518,33946.0,4.802191836392403,24004719185.133595,636997434437.8488,"2021-07-24 04:00:44",0.466948711128864427750611246944,1,3.0
bitcoin,5523,33883.0,4.618156459288429,24307154114.079,634195676926.4694,"2021-07-24 05:00:24",0.486097064807817532675324675325,1,3.29268
bitcoin,5526,33881.0,4.603046291261529,24211357794.51055,635093213654.5684,"2021-07-24 06:00:23",0.436470904295713129530516431925,1,3.72
bitcoin,5530,33835.0,3.801157065895629,24095804911.073288,635147561456.0527,"2021-07-24 07:01:05",0.472291660018083523853658536585,1,4.28205
bitcoin,5535,33935.0,4.410219535697367,24121990424.45604,636796154859.9819,"2021-07-24 08:00:24",0.464199808143131140858468677494,1,3.2439
bitcoin,5539,33935.0,4.410219535697367,24121990424.45604,636796154859.9819,"2021-07-24 09:00:24",0.490276127373394767847826086957,1,4.46667
bitcoin,5543,33935.0,4.410219535697367,24121990424.45604,636796154859.9819,"2021-07-24 10:00:24",0.471575807297119392592592592593,1,4.60976
bitcoin,5547,34302.0,6.200206598256301,24377158357.39639,643700085471.5583,"2021-07-24 11:00:15",0.474092669059744978296460176991,1,3.38298
bitcoin,5549,34298.0,6.551269477794877,24473049948.371098,644090570542.4443,"2021-07-24 12:00:14",0.467247390876645629057971014493,1,3.8
bitcoin,5553,34298.0,6.551269477794877,24473049948.371098,644090570542.4443,"2021-07-24 13:00:14",0.481421970599275127505995203837,1,3.84615
bitcoin,5557,33996.0,4.533417787170883,24140066618.349056,637936352786.8088,"2021-07-24 14:00:15",0.494108221019214056792452830189,1,4.2381
bitcoin,5561,33996.0,4.533417787170883,24140066618.349056,637936352786.8088,"2021-07-24 15:00:15",0.493598123283489890676328502415,1,3.42623
bitcoin,5565,34056.0,2.4817942413262295,22975323815.36798,639079629571.5629,"2021-07-24 16:00:15",0.491907548351386162036082474227,1,3.7234
bitcoin,5572,34296.0,2.3201415067295534,22049794448.461975,642012590040.6406,"2021-07-24 17:00:15",0.491807212372952834677804295943,1,2.92
bitcoin,5576,34296.0,2.3201415067295534,22049794448.461975,642012590040.6406,"2021-07-24 18:00:15",0.483731650613706585216400911162,1,3.44
bitcoin,5580,34296.0,2.3201415067295534,22049794448.461975,642012590040.6406,"2021-07-24 19:00:15",0.450834475858987636299765807963,1,3.15385
bitcoin,5583,34229.0,1.5619240970288961,20737596966.52396,640909451359.7522,"2021-07-24 20:00:15",0.497545312548225578568181818182,1,3.81481
bitcoin,5585,34226.0,1.4916081307555207,20572461420.26673,642271857962.9319,"2021-07-24 21:00:15",0.532034061587387280187353629977,1,2.77174
bitcoin,5589,34226.0,1.4916081307555207,20572461420.26673,642271857962.9319,"2021-07-24 22:00:16",0.523750503194932081969365426696,1,4.10526
bitcoin,5596,34333.0,1.5719483779506174,20485752070.705452,644291107998.4249,"2021-07-24 23:00:15",0.479544959825660113394495412844,1,4.07246
bitcoin,5598,34490.0,1.6297237035981127,20446196746.9849,647180605925.151,"2021-07-25 00:00:16",0.507739852613477565273631840796,1,3.30303
bitcoin,5602,34490.0,1.6297237035981127,20446196746.9849,647180605925.151,"2021-07-25 01:00:15",0.471541297565649553075060532688,1,3.85714
bitcoin,5605,34559.0,2.684358465687057,20698901762.989662,648789241124.1447,"2021-07-25 02:00:16",0.492478464937044513379629629630,1,3.25532
bitcoin,5609,34575.0,2.1097990062378864,21016824567.831642,646499600163.3799,"2021-07-25 03:00:15",0.486161710455400313462469733656,1,3.73171
bitcoin,5615,34291.0,1.0174366048200298,20778354196.21213,643511261777.5613,"2021-07-25 04:00:15",0.519966435605201166256038647343,1,4.2973
bitcoin,5617,34442.0,1.6467454517740947,20620887050.9952,645682163117.6343,"2021-07-25 05:00:14",0.486544141029737081638554216867,1,3.38462
bitcoin,5624,34329.0,1.323519629713081,20570036822.267803,644093360764.0808,"2021-07-25 06:00:15",0.456143412340203285375854214123,1,4.0
bitcoin,5625,34259.0,1.2789170771628535,20797117490.551563,642904486446.6505,"2021-07-25 07:00:15",0.475632481312809083197115384615,1,3.29787
bitcoin,5629,34094.0,0.5049522406790065,20997721337.48526,637659530541.2408,"2021-07-25 08:00:16",0.465084584210163508307692307692,1,3.7907
bitcoin,5633,34094.0,0.5049522406790065,20997721337.48526,637659530541.2408,"2021-07-25 09:00:15",0.454606430171287223470319634703,1,4.27273
bitcoin,5637,34181.0,-0.8057968770358449,20294771269.172665,642336455798.4647,"2021-07-25 10:00:15",0.487612481159101673220338983051,1,4.16981
bitcoin,5641,34476.0,0.4455716390026919,20148565193.829994,646450581178.8807,"2021-07-25 11:00:14",0.502369376241734032529832935561,1,4.17073
bitcoin,5647,34435.0,0.39975179722107634,20003950569.41409,646133309251.2872,"2021-07-25 12:00:14",0.477232028608736783212560386473,1,3.11111
bitcoin,5649,34392.0,1.7126772210216537,20005677576.31068,645518218343.3678,"2021-07-25 13:00:14",0.474513591686987507694300518135,1,3.17143
bitcoin,5653,34392.0,1.7126772210216537,20005677576.31068,645518218343.3678,"2021-07-25 14:00:14",0.453017985972578340884718498660,1,3.4
bitcoin,5657,34392.0,1.7126772210216537,20005677576.31068,645518218343.3678,"2021-07-25 15:00:14",0.466852411554724562818627450980,1,3.58824
bitcoin,5661,34392.0,1.7126772210216537,20005677576.31068,645518218343.3678,"2021-07-25 16:00:15",0.477501204508600882500000000000,1,2.51724
bitcoin,5665,34392.0,1.7126772210216537,20005677576.31068,645518218343.3678,"2021-07-25 17:00:14",0.505554340389698588272251308901,1,1.88136
bitcoin,5672,36203.0,6.635638019987924,22915639514.95654,675999105390.3917,"2021-07-25 18:00:14",0.495597893804735478317535545024,1,1.19048
bitcoin,5673,38295.0,12.707090201392676,31919366348.33364,718678876646.3604,"2021-07-25 19:00:15",0.488876139408066162261904761905,1,3.3
bitcoin,5679,38269.0,11.796908831879058,33592483787.849384,723402023654.7505,"2021-07-25 20:00:15",0.498831483866552562583120204604,1,3.35294
bitcoin,5683,38269.0,11.796908831879058,33592483787.849384,723402023654.7505,"2021-07-25 21:00:15",0.487268242918992345240506329114,1,3.56
bitcoin,5687,38269.0,11.796908831879058,33592483787.849384,723402023654.7505,"2021-07-25 22:00:16",0.470361710600106115204819277108,1,4.11111
bitcoin,5692,38601.0,12.43055504679492,35868205445.03676,724418438029.0358,"2021-07-25 23:00:15",0.479275469172825203776595744681,1,3.70588
bitcoin,5695,38714.0,12.233929383683147,37170157210.20181,726549557877.2448,"2021-07-26 00:00:15",0.486797840268623951212121212121,1,3.4
bitcoin,5699,38714.0,12.233929383683147,37170157210.20181,726549557877.2448,"2021-07-26 01:00:15",0.488677474985019761558752997602,1,2.53191
bitcoin,5703,38164.0,10.4267863568384,38734331698.47747,716223330998.6681,"2021-07-26 02:00:15",0.485132639830871333383458646617,1,2.45455
bitcoin,5707,38139.0,10.339658181955315,38871415986.33022,715749378192.3876,"2021-07-26 03:00:15",0.475375260859727860075000000000,1,2.42857
bitcoin,5710,38504.0,12.285679068501686,39533836623.89689,722607838467.6454,"2021-07-26 04:00:15",0.462332968154679177922705314010,1,3.0
bitcoin,5713,38454.0,11.813154114239067,40031997059.62837,721672876866.9905,"2021-07-26 05:00:15",0.468875477351248264025000000000,1,3.30769
bitcoin,5719,38701.0,12.733082021299785,40858692330.850174,726300563211.9984,"2021-07-26 06:00:15",0.465180806400700864116222760291,1,3.76923
bitcoin,5724,38396.0,12.14192914427244,41501368434.11426,720583929997.6495,"2021-07-26 07:00:15",0.466338804306615379685990338164,1,3.66667
bitcoin,5728,38396.0,12.14192914427244,41501368434.11426,720583929997.6495,"2021-07-26 08:00:15",0.502020452355984416336633663366,1,4.01449
bitcoin,5732,38630.0,12.719949568509485,42031077067.38471,724985032029.1024,"2021-07-26 09:00:14",0.478616858817052955083135391924,1,3.37288
bitcoin,5734,39167.0,14.416602107019937,43609231396.22439,737666287821.5515,"2021-07-26 10:00:15",0.487929381899066736666666666667,1,4.04
bitcoin,5738,39167.0,14.416602107019937,43609231396.22439,737666287821.5515,"2021-07-26 11:00:15",0.532452944119771333088888888889,1,3.77778
bitcoin,5742,39841.0,15.655971535921278,46187456911.149155,747538939197.5043,"2021-07-26 12:00:14",0.478902629333470258004926108374,1,3.62069
bitcoin,5748,39606.0,15.159199291131973,48030210892.5152,743297629317.7163,"2021-07-26 13:00:15",0.499045437055767752083333333333,1,3.45714
bitcoin,5750,37587.0,8.989973506056211,49052751005.924805,743297629317.7163,"2021-07-26 14:00:15",0.491247653923552446868686868687,1,2.66667
bitcoin,5756,37231.0,7.638653212977379,51869670450.53119,698746226547.2186,"2021-07-26 15:00:14",0.490659957649502369634464751958,1,2.46154
bitcoin,5760,37231.0,7.638653212977379,51869670450.53119,698746226547.2186,"2021-07-26 16:00:15",0.478285477034404837142857142857,1,2.72973
bitcoin,5764,37227.0,4.783960880896944,53475948154.04178,698654120074.028,"2021-07-26 17:00:15",0.476790178416654317853535353535,1,2.69231
bitcoin,5768,37386.0,3.2670726737460756,52411089918.36721,701039861923.0902,"2021-07-26 18:00:15",0.483372779711183296361445783133,1,3.09524
bitcoin,5772,36987.0,-3.4350119083476653,45138903841.98485,694248059560.9375,"2021-07-26 19:00:15",0.493413610201935438023255813953,1,3.17391
bitcoin,5776,36987.0,-3.4350119083476653,45138903841.98485,694248059560.9375,"2021-07-26 20:00:15",0.547952483735374501936936936937,1,3.5
bitcoin,5778,36890.0,-3.423787853978768,44369741336.62781,690912607017.9905,"2021-07-26 21:00:15",0.503998008486335283112128146453,1,3.11765
bitcoin,5783,37180.0,-3.17044129536337,44558761430.726166,694066690919.3088,"2021-07-26 22:00:15",0.521629930719834148397291196388,1,3.14286
bitcoin,5787,37180.0,-3.17044129536337,44558761430.726166,694066690919.3088,"2021-07-26 23:00:16",0.517682955818003918795180722892,1,2.77778
bitcoin,5791,37180.0,-3.17044129536337,44558761430.726166,694066690919.3088,"2021-07-27 00:00:14",0.480853828712354736025316455696,1,3.14286
bitcoin,5793,37032.0,-2.6857264709660202,41987241737.77573,693070859543.7709,"2021-07-27 01:00:15",0.492130269630673970717703349282,1,3.0
bitcoin,5800,37322.0,-2.2313200796097594,41892887870.7584,700831960731.0629,"2021-07-27 02:00:15",0.486267450180920690404040404040,1,3.57143
bitcoin,5804,37322.0,-2.2313200796097594,41892887870.7584,700831960731.0629,"2021-07-27 03:00:15",0.493374831423970869581280788177,1,4.25
bitcoin,5807,37805.0,-1.815518197786465,42776558835.88924,705977660709.0425,"2021-07-27 04:00:15",0.492975047826766969375000000000,1,3.58065
bitcoin,5811,37805.0,-1.815518197786465,42776558835.88924,705977660709.0425,"2021-07-27 05:00:16",0.495099988440281068029556650246,1,3.0
bitcoin,5814,38500.0,-0.26551018007775,43747581862.96535,724514721127.2997,"2021-07-27 06:00:16",0.508038765622908820481927710843,1,3.25
bitcoin,5818,38500.0,-0.26551018007775,43747581862.96535,724514721127.2997,"2021-07-27 07:00:25",0.482272516899895900291262135922,1,3.4
bitcoin,5822,38500.0,-0.26551018007775,43747581862.96535,724514721127.2997,"2021-07-27 08:01:11",0.487743010870252037581699346405,1,4.125
bitcoin,5826,38500.0,-0.26551018007775,43747581862.96535,724514721127.2997,"2021-07-27 09:00:16",0.473433770305876222656250000000,1,3.90909
bitcoin,5829,37691.0,-3.769091821874687,43542635853.62557,710706009625.257,"2021-07-27 10:00:15",0.501472738619600792314606741573,1,4.16667
bitcoin,5833,37691.0,-3.769091821874687,43542635853.62557,710706009625.257,"2021-07-27 11:00:15",0.464965042350518758733031674208,1,4.11765
bitcoin,5837,37873.0,-4.645203323792683,42575634152.66716,715347758323.6965,"2021-07-27 12:00:15",0.499558758045652228768472906404,1,3.27027
bitcoin,5843,38057.0,-3.8492833720063167,41144463287.95519,714269033812.8777,"2021-07-27 13:00:14",0.474457407526194755714285714286,1,3.0
bitcoin,5848,38079.0,2.0390028340479556,37731273480.73275,715024902953.8741,"2021-07-27 14:00:14",0.473785961550364658372703412073,1,3.51282
bitcoin,5852,38079.0,2.0390028340479556,37731273480.73275,715024902953.8741,"2021-07-27 15:00:14",0.475951581175734358463414634146,1,2.44444
bitcoin,5856,38079.0,2.0390028340479556,37731273480.73275,715024902953.8741,"2021-07-27 16:00:14",0.481150184269293698737623762376,1,4.10345
bitcoin,5858,39209.0,5.326141681882184,36517433387.99977,735887837718.721,"2021-07-27 17:00:15",0.494260469877163371597051597052,1,2.77778
bitcoin,5863,39139.0,4.69072445328415,36470565506.949684,734301997027.5798,"2021-07-27 18:00:15",0.457660651975003632312775330396,1,2.48387
bitcoin,5866,39860.0,7.7673121718658065,37142177466.26152,747386817465.8116,"2021-07-27 19:00:18",0.492722277212089119029345372460,1,2.13043
bitcoin,5869,39870.0,9.356527838535445,38361522637.36157,748557334346.5458,"2021-07-27 20:00:16",0.484841252640746108045977011494,1,2.6
bitcoin,5875,39720.0,7.619546084103848,38777876742.60504,751807661268.3212,"2021-07-27 21:00:16",0.463402958128644135540229885057,1,2.35135
bitcoin,5877,39763.0,6.946292379326439,38927157414.69297,746297758998.8965,"2021-07-27 22:00:15",0.494244300128438514042553191489,1,3.05128
bitcoin,5881,40066.0,7.830548326522892,39392730457.09353,751993206642.2451,"2021-07-27 23:00:17",0.501098605902540597395577395577,1,3.44444
bitcoin,5886,39378.0,6.445829566682888,39264918032.79081,740025525658.6757,"2021-07-28 00:00:16",0.495593927482858087488151658768,1,3.17143
bitcoin,5892,39927.0,7.816750842637724,40358685077.34535,749389999150.6624,"2021-07-28 01:00:14",0.502899266180715398348214285714,1,3.16667
bitcoin,5896,39511.0,5.954183819510321,40089884444.15394,741324214775.1707,"2021-07-28 02:00:15",0.528217973522841942500000000000,1,3.04878
bitcoin,5900,39511.0,5.954183819510321,40089884444.15394,741324214775.1707,"2021-07-28 03:00:14",0.519886686734043735841584158416,1,2.58537
bitcoin,5901,40192.0,6.310448758436786,40741196550.525856,754374950492.984,"2021-07-28 04:00:14",0.496333374026043174043715846995,1,2.64706
bitcoin,5905,40192.0,6.310448758436786,40741196550.525856,754374950492.984,"2021-07-28 05:00:15",0.489951744862836814547738693467,1,3.16667
bitcoin,5909,40192.0,6.310448758436786,40741196550.525856,754374950492.984,"2021-07-28 06:00:15",0.468795017838757269391100702576,1,3.15385
bitcoin,5913,40192.0,6.310448758436786,40741196550.525856,754374950492.984,"2021-07-28 07:00:15",0.465102935140541115955334987593,1,3.07143
bitcoin,5920,39500.0,3.3217067784520675,40527199996.62558,743063835819.732,"2021-07-28 08:00:15",0.501835090820403660735294117647,1,2.86207
bitcoin,5924,39500.0,3.3217067784520675,40527199996.62558,743063835819.732,"2021-07-28 09:00:15",0.485174968336001935036144578313,1,2.64103
bitcoin,5925,39993.0,6.40441686677051,39657182209.29165,750638967928.5701,"2021-07-28 10:00:15",0.487313969872003629026763990268,1,3.59459
bitcoin,5931,38457.0,1.6475181464368105,39344055700.52038,736206288499.6256,"2021-07-28 11:00:14",0.485568212940910748730964467005,1,3.81481
bitcoin,5933,40636.0,7.295295065036147,42620205494.45103,746357500859.4017,"2021-07-28 12:00:15",0.477759912840484343582474226804,1,3.90909
bitcoin,5938,40408.0,6.177826839420853,42720137752.393776,758306420751.8856,"2021-07-28 13:00:15",0.480401188489936646772486772487,1,3.16216
bitcoin,5941,40082.0,5.2594514088437645,43018649381.16551,752312420777.2013,"2021-07-28 14:00:15",0.475913669776033471827160493827,1,3.0
bitcoin,5945,40187.0,5.073121002761393,43022033367.83059,752246666330.72,"2021-07-28 15:00:16",0.471576817817986012725000000000,1,3.17143
bitcoin,5950,39752.0,1.2389022819655755,42121178542.957085,747168800429.5908,"2021-07-28 16:00:15",0.481144375263364332315035799523,1,2.56522
bitcoin,5953,40031.0,2.0959276876129374,41369107422.717026,751371299910.5153,"2021-07-28 17:00:15",0.476487364499799663755760368664,1,2.83333
bitcoin,5959,39542.0,1.0298822757625856,40409955128.15917,744469852799.1434,"2021-07-28 18:00:15",0.497135942784425251612149532710,1,2.6
bitcoin,5962,39692.0,-0.3966094268837557,40133503167.510796,743732120403.7306,"2021-07-28 19:00:15",0.480635542012409329036697247706,1,3.0
bitcoin,5966,39909.0,0.09738139869329825,38665549301.03804,749087430805.6462,"2021-07-28 20:00:16",0.475131727568380921867881548975,1,2.73333
bitcoin,5969,39680.0,-0.12878804572727734,37273472880.9672,744780000220.1729,"2021-07-28 21:00:15",0.485901679111910712187500000000,1,3.56
bitcoin,5973,40161.0,1.001788521102575,37360473855.66718,753091988654.5422,"2021-07-28 22:00:15",0.494462209716613731873536299766,1,3.25
bitcoin,5980,40215.0,0.21054839560909022,37360489237.00228,753250709611.0177,"2021-07-28 23:00:15",0.492504619953164642655502392344,1,2.54839
bitcoin,5981,40032.0,1.1904570367028449,36620766860.75234,751413876830.9554,"2021-07-29 00:00:15",0.491939091869130768677494199536,1,3.14286
bitcoin,5985,40001.0,0.26973570457691165,36137327917.92469,751768820080.5255,"2021-07-29 01:00:15",0.464291899688453402446555819477,1,2.41176
bitcoin,5992,40018.0,1.277827038709953,35838269161.39884,751264397632.5886,"2021-07-29 02:00:15",0.481387414682943086274038461538,1,3.70968
bitcoin,5995,40617.0,1.9700606323856507,36718356727.52863,762373070687.3712,"2021-07-29 03:00:16",0.518756330013275144357682619647,1,1.5641
bitcoin,5999,40110.0,-0.21238434624946978,35690573153.92465,753928866024.069,"2021-07-29 04:00:15",0.476938953002293904579945799458,1,3.11765
bitcoin,6003,40110.0,-0.21238434624946978,35690573153.92465,753928866024.069,"2021-07-29 05:00:15",0.449020583950674413711340206186,1,4.11111
bitcoin,6008,39738.0,0.13076999211522597,34643576614.15809,745899059047.9701,"2021-07-29 06:00:15",0.448930016492755666699029126214,1,3.21053
bitcoin,6011,39875.0,0.8964760095836481,33550325292.499195,749158922162.6565,"2021-07-29 07:00:16",0.463697012993714291779859484778,1,4.0
bitcoin,6015,39875.0,0.8964760095836481,33550325292.499195,749158922162.6565,"2021-07-29 08:00:16",0.442371862280340355680190930788,1,4.0
bitcoin,6018,39968.0,0.5316905331873426,33159133264.551506,750789396549.0511,"2021-07-29 09:00:16",0.449319069620203856207729468599,1,3.63415
bitcoin,6022,39766.0,-0.5674695356423277,32641876268.966816,746415626620.3612,"2021-07-29 10:00:15",0.473909387343474953810623556582,1,3.61538
bitcoin,6025,39852.0,3.48867392664504,31519852098.124043,746575015563.1558,"2021-07-29 11:00:16",0.484252027276029994904306220096,1,3.45614
bitcoin,6029,39524.0,-2.7365025218292973,29931146670.746464,740578882057.9376,"2021-07-29 12:00:15",0.468537259144040775023584905660,1,3.34483
bitcoin,6036,39725.0,-1.6951808098924195,28955017502.35809,742269550155.7208,"2021-07-29 13:00:13",0.488590439433971660598086124402,1,3.45
bitcoin,6040,39752.0,-0.8210326755149169,28461810926.998787,746174786081.5807,"2021-07-29 14:00:15",0.503414921764826719284009546539,1,2.47826
bitcoin,6041,39565.0,-1.5488834008643002,28142217558.18452,743325549932.8578,"2021-07-29 15:00:15",0.493714102925105415466321243523,1,3.4186
bitcoin,6046,39839.0,0.3023314646455832,28010445757.33099,748040028888.0724,"2021-07-29 16:00:14",0.452513062336095948317073170732,1,4.13514
bitcoin,6052,39978.0,-0.1334991395810891,28717414113.01727,750407963580.4731,"2021-07-29 17:00:14",0.466881840354300537990762124711,1,2.93939
bitcoin,6055,39945.0,1.0430230296290868,28806601741.70324,749794782430.8577,"2021-07-29 18:00:14",0.470010616297098859296482412060,1,3.52632
bitcoin,6059,39945.0,1.0430230296290868,28806601741.70324,749794782430.8577,"2021-07-29 19:00:15",0.446402681765816837244655581948,1,3.875
bitcoin,6063,39945.0,1.0430230296290868,28806601741.70324,749794782430.8577,"2021-07-29 20:00:14",0.450858881445818167883720930233,1,2.65714
bitcoin,6067,39972.0,0.6165533401066235,28398380024.63395,750311420016.8444,"2021-07-29 21:00:15",0.453828521622907394675615212528,1,3.25
bitcoin,6072,39704.0,-1.1367003936023372,28243049834.908543,745283593002.1947,"2021-07-29 22:00:16",0.478551845170717537040572792363,1,3.38462
bitcoin,6076,39704.0,-1.1367003936023372,28243049834.908543,745283593002.1947,"2021-07-29 23:00:16",0.456015846621436419779951100244,1,4.26087
bitcoin,6080,39813.0,-0.5456330719860687,27839254867.501743,747604599574.8702,"2021-07-30 00:00:15",0.467145391981191844842615012107,1,3.28571
bitcoin,6081,39782.0,-0.5475972591750531,27610251735.504673,748040765429.4304,"2021-07-30 01:00:14",0.454055153137981406839237057221,1,2.82857
bitcoin,6088,38784.0,-3.0819027728266017,27667456815.77415,733029858668.4866,"2021-07-30 02:00:15",0.482098254998524987200000000000,1,2.33333
bitcoin,6090,38682.0,-4.589647320510196,29031485707.14756,726098528611.7849,"2021-07-30 03:00:15",0.445937283661054526005434782609,1,3.90909
bitcoin,6095,38950.0,-2.8921585822693148,29010272344.079918,731158187324.6637,"2021-07-30 04:00:14",0.421600934424602481845386533666,1,2.90476
bitcoin,6098,38769.0,-2.321634130155065,28588345578.610996,729134447851.825,"2021-07-30 05:00:15",0.447464843259917364395061728395,1,3.0
bitcoin,6102,38769.0,-2.321634130155065,28588345578.610996,729134447851.825,"2021-07-30 06:00:15",0.450714924665176927463768115942,1,3.46154
bitcoin,6106,38769.0,-2.321634130155065,28588345578.610996,729134447851.825,"2021-07-30 07:00:15",0.468608080763505100024213075061,1,3.66667
bitcoin,6112,39035.0,-2.4485802903323037,28609935730.994953,732987298518.6627,"2021-07-30 08:00:16",0.466425456222474885595854922280,1,3.19355
bitcoin,6116,39080.0,-2.2224213854584325,28414282546.657112,733622271717.2538,"2021-07-30 09:00:14",0.489327287954809781623036649215,1,3.71429
bitcoin,6119,39007.0,-1.8499301912467292,28183455615.661835,732815932560.4567,"2021-07-30 10:00:15",0.475196393401849838619047619048,1,2.88235
bitcoin,6123,39007.0,-1.8499301912467292,28183455615.661835,732815932560.4567,"2021-07-30 11:00:14",0.495360509343534212100238663484,1,3.78261
bitcoin,6127,39007.0,-1.8499301912467292,28183455615.661835,732815932560.4567,"2021-07-30 12:00:14",0.492126468514523857292682926829,1,3.51429
bitcoin,6131,39391.0,-0.8412456626692569,28008866212.867096,739435059470.0824,"2021-07-30 13:00:14",0.514808535821876448985849056604,1,3.61538
bitcoin,6134,40918.0,2.9369234570065563,30727806781.669968,764088311618.9332,"2021-07-30 14:00:14",0.512250258591934226666666666667,1,1.87273
bitcoin,6137,41780.0,5.611174014354179,33531255369.378185,784283659860.52,"2021-07-30 15:00:14",0.469900553880056533663366336634,1,3.06452
bitcoin,6141,41780.0,5.611174014354179,33531255369.378185,784283659860.52,"2021-07-30 16:00:15",0.480528047531130214593301435407,1,3.25
bitcoin,6145,41780.0,5.611174014354179,33531255369.378185,784283659860.52,"2021-07-30 17:00:14",0.494485080618448935479797979798,1,3.05128
bitcoin,6149,41780.0,5.611174014354179,33531255369.378185,784283659860.52,"2021-07-30 18:00:15",0.487499202066417198914027149321,1,3.5
bitcoin,6153,41780.0,5.611174014354179,33531255369.378185,784283659860.52,"2021-07-30 19:00:15",0.490833617981758205900900900901,1,2.83784
bitcoin,6157,41966.0,4.852993206259815,37749229225.80264,788342297459.8481,"2021-07-30 20:00:15",0.481705624177785856517857142857,1,2.81481
bitcoin,6163,41864.0,4.745238495888153,37954978262.52922,785863592541.029,"2021-07-30 21:00:15",0.479966445297749552118451025057,1,3.0
bitcoin,6165,41773.0,5.1219024970784055,37863670954.049095,783205169109.4678,"2021-07-30 22:00:16",0.473141009826858383394919168591,1,3.0
bitcoin,6170,41497.0,4.375057106058124,38091522820.08319,778981908715.3221,"2021-07-30 23:00:16",0.480008182213766945061124694377,1,3.18182
bitcoin,6175,41520.0,4.254052706235183,38479112830.60241,779426926002.9967,"2021-07-31 00:00:15",0.453476661150689891486810551559,1,3.8
bitcoin,6179,41520.0,4.254052706235183,38479112830.60241,779426926002.9967,"2021-07-31 01:00:15",0.463377639187865281196172248804,1,3.36364
bitcoin,6182,41747.0,7.635653004378422,37536006076.76522,783492506439.6204,"2021-07-31 02:00:16",0.469529835583127993099547511312,1,4.14286
bitcoin,6186,41747.0,7.635653004378422,37536006076.76522,783492506439.6204,"2021-07-31 03:00:15",0.498525702606433282460317460317,1,2.57143
bitcoin,6192,41798.0,7.31225961412158,35430583373.35009,784640644647.2993,"2021-07-31 04:00:16",0.497590925446979667146596858639,1,1.84211
bitcoin,6195,41618.0,7.4035308334832335,35417788868.3088,781935285510.8994,"2021-07-31 05:00:16",0.454701819914882464745762711864,1,3.88
bitcoin,6199,41618.0,7.4035308334832335,35417788868.3088,781935285510.8994,"2021-07-31 06:00:16",0.491007159800435753611793611794,1,3.19355
bitcoin,6202,41387.0,6.249832386024293,34894138920.48383,778447293771.0938,"2021-07-31 07:00:15",0.459083447480261474586466165414,1,3.42857
bitcoin,6208,41337.0,5.927343733332765,34642196356.21847,775118655743.6454,"2021-07-31 08:00:15",0.470516077007155818795180722892,1,4.15385
bitcoin,6211,41586.0,6.370566159217905,34760441927.08123,780662781862.1036,"2021-07-31 09:00:16",0.450723030344167974665127020785,1,4.0
bitcoin,6215,41346.0,6.0332239581141,34354177757.672104,776166419904.4963,"2021-07-31 10:00:15",0.507745735589848016558139534884,1,1.52632
bitcoin,6218,41192.0,5.5088224053020305,34243749500.619198,773278648193.3192,"2021-07-31 11:00:15",0.455726397925081323292978208232,1,2.52
bitcoin,6223,41423.0,5.892722869979409,34125921160.01349,777714583593.2167,"2021-07-31 12:00:14",0.478317829872736349612590799031,1,2.94286
bitcoin,6225,41308.0,4.40769186722181,33819997152.247482,776784460611.3263,"2021-07-31 13:00:15",0.465484361746643164531645569620,1,3.6
bitcoin,6229,41575.0,1.6061346791095281,31797845695.20377,781793088940.9227,"2021-07-31 14:00:15",0.461000623608416216675062972292,1,2.7
bitcoin,6233,41906.0,0.3014090893259885,30497945610.317047,785864698419.054,"2021-07-31 15:00:15",0.492585842002954271920199501247,1,1.64198
bitcoin,6240,41874.0,1.2242666577270056,29684421199.91239,786087678396.3374,"2021-07-31 16:00:15",0.466187461705531104552058111380,1,1.97297
bitcoin,6244,41874.0,1.2242666577270056,29684421199.91239,786087678396.3374,"2021-07-31 17:00:15",0.483315398559559302286374133949,1,2.2
bitcoin,6248,41874.0,1.2242666577270056,29684421199.91239,786087678396.3374,"2021-07-31 18:00:15",0.469895397296006031954545454545,1,2.93103
bitcoin,6252,41874.0,1.2242666577270056,29684421199.91239,786087678396.3374,"2021-07-31 19:00:15",0.463737101400836134067415730337,1,2.56863
bitcoin,6253,41809.0,-0.3251300658049863,26445299493.504227,784877783211.4849,"2021-07-31 20:00:16",0.488624905627743109158878504673,1,2.46032
bitcoin,6257,41809.0,-0.3251300658049863,26445299493.504227,784877783211.4849,"2021-07-31 21:00:15",0.481237508322077771689814814815,1,2.30769
bitcoin,6261,41809.0,-0.3251300658049863,26445299493.504227,784877783211.4849,"2021-07-31 22:00:16",0.539012965000323057556561085973,1,2.23077
bitcoin,6267,41851.0,0.8358593624280557,26792974367.29549,786883891183.2892,"2021-07-31 23:00:16",0.505680240569701059860788863109,1,3.34483
bitcoin,6271,41851.0,0.8358593624280557,26792974367.29549,786883891183.2892,"2021-08-01 00:00:15",0.524539411200417409755555555556,1,1.73239
bitcoin,6276,41751.0,0.44523221491054665,26237129579.61538,783792458932.237,"2021-08-01 01:00:17",0.493440232296504886643192488263,1,2.41176
bitcoin,6280,41751.0,0.44523221491054665,26237129579.61538,783792458932.237,"2021-08-01 02:00:16",0.474444601753795583750000000000,1,3.48
bitcoin,6284,41888.0,0.6065609032728222,25663303744.241226,786372279557.024,"2021-08-01 03:00:15",0.476878389095266658700980392157,1,2.92
bitcoin,6288,41888.0,0.6065609032728222,25663303744.241226,786372279557.024,"2021-08-01 04:00:17",0.479295149052457556019184652278,1,3.15385
bitcoin,6291,41597.0,-0.04692852595034436,25399808582.74466,780905921444.1517,"2021-08-01 05:00:17",0.473864714035166881273584905660,1,3.03226
bitcoin,6295,41597.0,-0.04692852595034436,25399808582.74466,780905921444.1517,"2021-08-01 06:00:16",0.503348002969464158126582278481,1,3.45161
bitcoin,6299,41457.0,0.13830333214723753,24919143955.471943,778289948256.5059,"2021-08-01 07:00:16",0.472323107073574709477806788512,1,2.7619
bitcoin,6303,41457.0,0.13830333214723753,24919143955.471943,778289948256.5059,"2021-08-01 08:00:15",0.518908834278980007450110864745,1,3.76923
bitcoin,6305,41301.0,-0.6952570486701131,25003035834.196346,777596380932,"2021-08-01 09:00:15",0.482002592893207773670588235294,1,3.13953
bitcoin,6309,41200.0,-0.3537626011083808,25634304749.783833,773461297724.5464,"2021-08-01 10:00:15",0.488176507730010547895981087470,1,2.26829
bitcoin,6315,41033.0,-0.38756856846747056,26028260896.294456,769891069442.0265,"2021-08-01 11:00:15",0.477711281606129237926267281106,1,3.34783
bitcoin,6339,41248.0,-1.2317896664364874,27554900118.35925,777251545113.6638,"2021-08-01 13:00:15",0.493547935306170343325358851675,1,3.46486
bitcoin,6339,41248.0,-1.2317896664364874,27554900118.35925,777251545113.6638,"2021-08-01 13:00:15",0.493547935306170343325358851675,1,3.46486
bitcoin,6348,41174.0,-1.3642287972938345,27409248420.710205,773319097825.5236,"2021-08-01 14:07:44",0.476133790142780842458233890215,1,3.47059
bitcoin,6351,41073.0,-1.9840846633177964,27337966044.07795,772884844753.3884,"2021-08-01 15:00:15",0.474289390278029275034965034965,1,3.7619
bitcoin,6354,40302.0,-3.7306469988679676,27843306331.52008,756616297895.3036,"2021-08-01 16:00:15",0.466983906721358857369727047146,1,2.88235
bitcoin,6360,39985.0,-4.111222117780732,28614000879.244053,747403845431.8284,"2021-08-01 17:00:15",0.485107857191446914635922330097,1,3.4186
bitcoin,6362,39572.0,-5.2221649996259,28304004857.205517,742957930565.4803,"2021-08-01 18:00:15",0.500451964112596774105504587156,1,2.75
bitcoin,6367,39689.0,-4.901503385108374,28721160391.757977,745105908214.5493,"2021-08-01 19:00:16",0.483030322780258850047393364929,1,2.85366
bitcoin,6372,39855.0,-4.742755558351143,29162763681.970135,746402610513.113,"2021-08-01 20:00:16",0.483884610792240468313253012048,1,3.61818
bitcoin,6375,39828.0,-6.569008119774108,28717191281.828133,747386549037.5254,"2021-08-01 21:00:16",0.501368919275872722695852534562,1,3.72727
bitcoin,6377,39744.0,-5.579392919855079,28354959122.236763,746590191258.1166,"2021-08-01 22:00:16",0.484071535162291449952494061758,1,3.23256
bitcoin,6384,39820.0,-4.852644924738058,28183328375.07727,747575947788.7954,"2021-08-01 23:00:15",0.480916372883845783161764705882,1,3.0
bitcoin,6385,40570.0,-2.827257803899013,29137245806.58833,750530550610.0758,"2021-08-02 00:00:16",0.453144112153461687060185185185,1,2.67742
bitcoin,6391,40101.0,-3.951185404795427,29440724448.61164,752854615861.3799,"2021-08-02 01:00:16",0.464126843627136534405940594059,1,3.59459
bitcoin,6395,39577.0,-5.178973347005815,29696891703.342487,743050212484.3639,"2021-08-02 02:00:17",0.472797708514401373503836317136,1,3.42105
bitcoin,6400,39653.0,-5.335953654936577,30687204475.85517,742569575662.2964,"2021-08-02 03:00:16",0.494692765749417813962703962704,1,3.48276
bitcoin,6404,39852.0,-4.203873585825893,30879726513.663456,748183869865.9967,"2021-08-02 04:00:15",0.461561679652415836221662468514,1,2.93103
bitcoin,6406,39570.0,-4.924465367833864,30442783348.493122,743622921759.4955,"2021-08-02 05:00:15",0.512889629351758509299065420561,1,2.62162
bitcoin,6409,39389.0,-5.31515242675014,31363931004.958244,739096798096.6975,"2021-08-02 06:00:16",0.489040111909147165292740046838,1,3.51852
bitcoin,6413,39389.0,-5.31515242675014,31363931004.958244,739096798096.6975,"2021-08-02 07:00:15",0.420013454143709980680751173709,1,4.05882
bitcoin,6419,39643.0,-4.144210023860467,31929108258.67159,743503443844.9441,"2021-08-02 08:00:15",0.416966885500361685681293302540,1,2.92593
bitcoin,6423,39777.0,-3.6697567932458903,31945608766.508274,746773921561.6344,"2021-08-02 09:00:16",0.449566876403121064930232558140,1,3.48649
bitcoin,6427,39788.0,-4.022148454659393,31008949986.49795,746692480373.2793,"2021-08-02 10:00:15",0.465158356681841191281464530892,1,3.83333
bitcoin,6429,39742.0,-3.1764497294980703,30506112990.488945,747028059673.7587,"2021-08-02 11:00:15",0.463836529445534393412887828162,1,3.07407
bitcoin,6435,39694.0,-3.4085647101813485,30266174982.690407,745222306026.4553,"2021-08-02 12:00:15",0.460686935124726135356321839080,1,3.0
bitcoin,6439,39194.0,-5.2447067589032885,29750954531.654907,735843822491.2523,"2021-08-02 13:00:14",0.460409347374009858957345971564,1,3.625
bitcoin,6443,38874.0,-5.901611399174754,30047321416.58776,729472773330.6282,"2021-08-02 14:00:15",0.476379630958582629755011135857,1,3.43478
bitcoin,6447,39381.0,-4.170682229169103,30211697987.520622,739357254717.8551,"2021-08-02 15:00:15",0.493834773537724522604651162791,1,3.63415
bitcoin,6451,39460.0,-2.089611833569095,29221747939.945587,740840958270.4218,"2021-08-02 16:00:15",0.493024077860092188244803695150,1,2.6
bitcoin,6455,39279.0,-1.7666935029913158,28057528866.262108,737440183775.5553,"2021-08-02 17:00:15",0.488266801594317653770114942529,1,3.53659
bitcoin,6457,39649.0,0.24290204772853038,28310339112.842236,745824427840.1316,"2021-08-02 18:00:16",0.482655168433178019856801909308,1,2.64103
bitcoin,6463,38942.0,-1.882369988494863,27740795168.90065,731116980262.2698,"2021-08-02 19:00:16",0.471456389632765902731481481481,1,3.37037
bitcoin,6465,39093.0,-1.9776920168236185,27675363070.400524,734021581549.4943,"2021-08-02 20:00:17",0.492383955572752682309417040359,1,1.9863
bitcoin,6471,38552.0,-3.204666101842711,27635019978.580505,725006815306.6555,"2021-08-02 21:00:16",0.482864118133462094053452115813,1,3.47059
bitcoin,6474,38540.0,-2.960683663425309,27785730522.215267,723574359999.705,"2021-08-02 22:00:15",0.486600784960866254524361948956,1,4.37931
bitcoin,6478,38376.0,-3.5895854896176678,28956542803.678516,720507464855.8705,"2021-08-02 23:00:16",0.470500213575774226970443349754,1,4.25
bitcoin,6482,38376.0,-3.5895854896176678,28956542803.678516,720507464855.8705,"2021-08-03 00:00:17",0.487236307933926585896226415094,1,3.87273
bitcoin,6486,38638.0,-3.7213387084326186,28537547793.83557,726147720673.6398,"2021-08-03 01:00:16",0.466701157707369558537735849057,1,3.11111
bitcoin,6491,38619.0,-2.3971811844990123,28202080377.82709,725071344133.2843,"2021-08-03 02:00:16",0.481966130579439343502415458937,1,2.89189
bitcoin,6495,38665.0,-2.491478853196169,27611951275.56987,724650303435.6296,"2021-08-03 03:00:17",0.482901038259119540099502487562,1,4.08571
bitcoin,6500,38831.0,-2.5621827299918616,27769539069.745323,729054299810.6128,"2021-08-03 04:00:16",0.457470205305010511411483253589,1,3.26316
bitcoin,6501,38567.0,-2.5395480090004603,27595080642.71939,723588408744.9937,"2021-08-03 05:00:16",0.465450894376986608045112781955,1,3.0
bitcoin,6507,38503.0,-2.2479476979032267,28129293173.42152,722900369523.0029,"2021-08-03 06:00:16",0.451887056026436874403669724771,1,3.31579
bitcoin,6509,38638.0,-2.3574802523191507,28260507961.45971,724460424034.7736,"2021-08-03 07:00:17",0.490013603791594506975000000000,1,3.66667
bitcoin,6514,38419.0,-3.087602611432702,28105879065.543724,724590136522.8306,"2021-08-03 08:00:16",0.466610983189414529976470588235,1,3.8
bitcoin,6518,38205.0,-3.950564876598641,28579872504.486317,716969566109.0092,"2021-08-03 09:00:16",0.484658636780697561435079726651,1,3.36364
bitcoin,6524,38555.0,-3.1321646789139392,28718896416.89731,719391759307.9237,"2021-08-03 10:00:15",0.459981315877138867092198581560,1,2.84211
bitcoin,6527,38157.0,-3.988163744583461,28696798564.508396,717942096038.676,"2021-08-03 11:00:15",0.469649334839101805421412300683,1,3.66667
bitcoin,6530,38248.0,-3.6347305597365938,29383995603.419994,715905659937.0641,"2021-08-03 12:00:16",0.442389216138557953977272727273,1,3.66667
bitcoin,6535,38215.0,-2.4975127084027626,28996561930.212044,720418223273.9252,"2021-08-03 13:00:16",0.459998597348228508096330275229,1,3.38095
bitcoin,6537,38147.0,-1.9848878374929226,28309690673.962524,714798264517.928,"2021-08-03 14:00:15",0.458666446259835872341463414634,1,3.0
bitcoin,6542,38420.0,-2.440684363181299,28413656304.81209,720027344216.5435,"2021-08-03 15:00:15",0.467205394031687942357320099256,1,3.27273
bitcoin,6548,38406.0,-2.7108941244372735,28461699999.938694,723031300070.3738,"2021-08-03 16:00:17",0.461200695704011359200000000000,1,2.88235
bitcoin,6552,38203.0,-2.33428409394112,28329660318.106384,720835141114.3336,"2021-08-03 17:00:16",0.466400130575909202470862470862,1,2.84615
bitcoin,6553,38496.0,-2.907146141796037,28068487232.755524,718094149269.7006,"2021-08-03 18:00:16",0.462662620122513074449438202247,1,3.88889
bitcoin,6558,38445.0,-1.2717249033603237,27831979068.217396,721827837266.0502,"2021-08-03 19:00:16",0.463263858818101135503355704698,1,4.0
bitcoin,6564,38188.0,-2.3367762640241097,27675564958.255947,717449511732.0105,"2021-08-03 20:00:16",0.445969137443671469201773835920,1,3.1875
bitcoin,6566,38021.0,-1.3759808824768365,27212925354.03247,715083506913.9033,"2021-08-03 21:00:16",0.468364666213934450896551724138,1,3.81818
bitcoin,6571,38175.0,-0.9455367078204651,27147980132.49628,716771103119.8408,"2021-08-03 22:00:16",0.471396873755888508409090909091,1,2.70833
bitcoin,6576,38131.0,-0.640151656529225,25942624262.53474,715931577178.1514,"2021-08-03 23:00:15",0.464027564460972707542168674699,1,3.24
bitcoin,6579,37915.0,-1.4552283962296948,25920172187.085407,713007450023.839,"2021-08-04 00:00:15",0.457413674809446384850746268657,1,2.33333
bitcoin,6584,37781.0,-2.2175028027568193,25737499380.664703,710214897892.5862,"2021-08-04 01:00:16",0.493575808506656957801932367150,1,2.63636
bitcoin,6588,37781.0,-2.2175028027568193,25737499380.664703,710214897892.5862,"2021-08-04 02:00:16",0.489634204382873876572104018913,1,2.3913
bitcoin,6592,37781.0,-2.2175028027568193,25737499380.664703,710214897892.5862,"2021-08-04 03:00:16",0.462185222331998365037220843672,1,2.77778
bitcoin,6596,38015.0,-2.109286945043142,26026464344.158314,713758337747.9312,"2021-08-04 04:00:15",0.579009135195384717587006960557,1,4.11111
bitcoin,6599,38202.0,-0.9374678487194069,26320942245.695942,717668665554.477,"2021-08-04 05:00:15",0.464426583539885826356968215159,1,4.05882
bitcoin,6602,38723.0,0.5716740844051774,25841706844.522507,724792820179.8401,"2021-08-04 06:00:17",0.453193230562889742217194570136,1,2.92
bitcoin,6606,38723.0,0.5716740844051774,25841706844.522507,724792820179.8401,"2021-08-04 07:00:16",0.462908890342043943995327102804,1,3.7
bitcoin,6610,38723.0,0.5716740844051774,25841706844.522507,724792820179.8401,"2021-08-04 08:00:16",0.441612353680823088957345971564,1,4.06667
bitcoin,6614,38723.0,0.5716740844051774,25841706844.522507,724792820179.8401,"2021-08-04 09:00:14",0.452273715757303413085585585586,1,4.01887
bitcoin,6618,38723.0,0.5716740844051774,25841706844.522507,724792820179.8401,"2021-08-04 10:00:15",0.449699070633334273431372549020,1,3.93333
bitcoin,6622,38723.0,0.5716740844051774,25841706844.522507,724792820179.8401,"2021-08-04 11:00:15",0.452105923828690552697674418605,1,4.2
bitcoin,6626,38723.0,0.5716740844051774,25841706844.522507,724792820179.8401,"2021-08-04 12:00:15",0.453127124184925552997481108312,1,3.42424
bitcoin,6630,38723.0,0.5716740844051774,25841706844.522507,724792820179.8401,"2021-08-04 13:00:15",0.450471494246173553108108108108,1,3.54545
bitcoin,6636,39673.0,3.997046990979311,27480389589.210365,748003108801.0193,"2021-08-04 14:00:16",0.446447096439437573419023136247,1,3.0
bitcoin,6639,39879.0,3.782111472158963,27648580569.54969,749294747141.0575,"2021-08-04 15:00:17",0.475480881841826780094786729858,1,2.96429
bitcoin,6643,39651.0,3.2395396086083745,27571696241.467175,747800582060.4579,"2021-08-04 16:00:15",0.469969605217353751638954869359,1,3.05263
